{
"name": "scenes/models/Fruits.ply",
"material": { "ks": [0,0,0], "kd": [0.725,0.71,0.68], "n": 10.0 },
"pos": [
63.291103,63.291103,0.000000,
-63.291103,63.291103,0.000000,
-63.291103,-63.291103,0.000000,
63.291103,-63.291103,0.000000
],
"norm": [
0.000000,-0.000000,1.000000,
0.000000,-0.000000,1.000000,
0.000000,-0.000000,1.000000,
0.000000,-0.000000,1.000000
],
"quad": [
0,1,2,3
]}