{
"name": "Glass.ply",
"material": { "ks": [0,0,0], "kd": [0.725,0.71,0.68], "n": 10.0 },
"pos": [
-0.850254,0.699390,3.300610,
-0.425992,0.683387,3.316613,
-0.447759,0.841693,3.158307,
-0.895518,0.849389,3.150611,
-0.456466,1.000000,3.000000,
-0.912932,1.000000,3.000000,
-0.000000,0.677230,3.322770,
-0.000000,0.838615,3.161385,
0.000000,1.000000,3.000000,
-1.343277,0.860163,3.139837,
-1.271058,0.722772,3.277228,
-1.791036,0.872477,3.127523,
-1.690132,0.749845,3.250155,
-1.369398,1.000000,3.000000,
-1.825863,1.000000,3.000000,
-1.158882,0.590273,3.409727,
-0.784118,0.550613,3.449387,
-1.026727,0.460220,3.539780,
-0.707545,0.402448,3.597552,
-1.526727,0.636997,3.363003,
-1.304400,0.538825,3.461175,
-0.395518,0.525080,3.474920,
-0.000000,0.515845,3.484155,
-0.360691,0.366773,3.633227,
-0.000000,0.354460,3.645540,
0.850254,0.699390,3.300610,
1.271058,0.722772,3.277228,
1.343277,0.860163,3.139837,
0.895518,0.849389,3.150611,
1.369398,1.000000,3.000000,
0.912932,1.000000,3.000000,
1.690132,0.749845,3.250155,
1.791036,0.872477,3.127523,
1.825863,1.000000,3.000000,
0.850254,0.699390,3.300610,
0.895518,0.849389,3.150611,
0.447759,0.841693,3.158307,
0.425992,0.683386,3.316613,
-0.000000,0.838615,3.161385,
-0.000000,0.677230,3.322770,
0.456466,1.000000,3.000000,
0.447759,0.841693,3.158307,
0.425992,0.683386,3.316613,
0.395518,0.525080,3.474920,
0.784118,0.550613,3.449387,
0.360691,0.366773,3.633227,
0.707545,0.402448,3.597552,
1.158882,0.590273,3.409727,
1.526727,0.636997,3.363003,
1.026727,0.460220,3.539780,
1.304400,0.538825,3.461175,
0.850254,1.300610,2.699390,
1.271058,1.277228,2.722772,
1.158882,1.409727,2.590273,
0.784118,1.449387,2.550613,
1.026727,1.539780,2.460220,
0.707545,1.597552,2.402448,
1.690132,1.250155,2.749845,
1.526727,1.363003,2.636997,
1.304400,1.461175,2.538825,
0.395518,1.474920,2.525080,
0.425992,1.316613,2.683387,
0.000000,1.484155,2.515845,
0.000000,1.322770,2.677230,
0.360691,1.633227,2.366773,
0.000000,1.645540,2.354460,
0.447759,1.158307,2.841693,
0.895518,1.150611,2.849389,
0.000000,1.161385,2.838615,
1.343277,1.139837,2.860163,
1.791036,1.127523,2.872477,
-0.850254,1.300610,2.699390,
-0.425992,1.316614,2.683387,
-0.395518,1.474920,2.525080,
-0.784118,1.449387,2.550613,
-0.360691,1.633227,2.366773,
-0.707545,1.597552,2.402448,
-1.158882,1.409727,2.590273,
-1.271058,1.277228,2.722772,
-1.526727,1.363003,2.636997,
-1.690132,1.250155,2.749845,
-1.026727,1.539780,2.460220,
-1.304400,1.461175,2.538825,
-1.343277,1.139837,2.860163,
-0.895518,1.150611,2.849389,
-1.791036,1.127523,2.872477,
-0.447759,1.158307,2.841693,
-0.425992,1.316614,2.683387,
-0.447759,1.158307,2.841693,
0.000000,1.161385,2.838615,
0.000000,1.322770,2.677230
],
"norm": [
-0.000000,0.707107,0.707107,
-0.000000,0.707107,0.707107,
-0.000000,0.707107,0.707107,
-0.000000,0.707107,0.707107,
-0.000000,0.707107,0.707107,
-0.000000,0.707107,0.707107,
0.000000,0.707107,0.707107,
0.000000,0.707107,0.707107,
0.000000,0.707107,0.707107,
0.000000,0.707107,0.707107,
0.000000,0.707107,0.707107,
-0.000000,0.707107,0.707107,
-0.000000,0.707107,0.707107,
0.000000,0.707107,0.707107,
-0.000000,0.707107,0.707107,
0.000000,0.707107,0.707107,
0.000000,0.707107,0.707107,
0.000000,0.707107,0.707107,
0.000000,0.707107,0.707107,
-0.000000,0.707107,0.707107,
-0.000000,0.707107,0.707107,
0.000000,0.707107,0.707107,
-0.000000,0.707107,0.707107,
0.000000,0.707107,0.707107,
-0.000000,0.707107,0.707107,
-0.000000,0.707107,0.707107,
-0.000000,0.707107,0.707107,
-0.000000,0.707107,0.707107,
-0.000000,0.707107,0.707107,
0.000000,0.707107,0.707107,
0.000000,0.707107,0.707107,
0.000000,0.707107,0.707107,
0.000000,0.707107,0.707107,
0.000000,0.707107,0.707107,
0.000000,0.707106,0.707107,
0.000000,0.707106,0.707107,
0.000000,0.707106,0.707107,
0.000000,0.707106,0.707107,
0.000000,0.707106,0.707107,
0.000000,0.707106,0.707107,
0.000000,0.707107,0.707107,
0.000000,0.707107,0.707107,
-0.000000,0.707107,0.707107,
-0.000000,0.707107,0.707107,
-0.000000,0.707107,0.707107,
-0.000000,0.707107,0.707107,
-0.000000,0.707107,0.707107,
-0.000000,0.707107,0.707107,
0.000000,0.707107,0.707107,
-0.000000,0.707107,0.707107,
0.000000,0.707107,0.707107,
0.000000,0.707107,0.707107,
0.000000,0.707107,0.707107,
0.000000,0.707107,0.707107,
0.000000,0.707107,0.707107,
0.000000,0.707107,0.707107,
0.000000,0.707107,0.707107,
-0.000000,0.707107,0.707107,
-0.000000,0.707107,0.707107,
-0.000000,0.707107,0.707107,
0.000000,0.707107,0.707107,
0.000000,0.707107,0.707107,
0.000000,0.707107,0.707107,
0.000000,0.707107,0.707107,
0.000000,0.707107,0.707107,
-0.000000,0.707107,0.707107,
-0.000000,0.707107,0.707107,
-0.000000,0.707107,0.707107,
0.000000,0.707107,0.707107,
0.000000,0.707107,0.707107,
-0.000000,0.707107,0.707107,
-0.000000,0.707107,0.707107,
-0.000000,0.707107,0.707107,
-0.000000,0.707107,0.707107,
-0.000000,0.707107,0.707107,
-0.000000,0.707107,0.707107,
-0.000000,0.707107,0.707107,
0.000000,0.707107,0.707107,
0.000000,0.707107,0.707107,
0.000000,0.707107,0.707107,
0.000000,0.707107,0.707107,
0.000000,0.707107,0.707107,
0.000000,0.707107,0.707107,
0.000000,0.707107,0.707107,
0.000000,0.707107,0.707107,
0.000000,0.707107,0.707107,
0.000000,0.707107,0.707107,
0.000000,0.707106,0.707107,
0.000000,0.707106,0.707107,
0.000000,0.707106,0.707107,
0.000000,0.707106,0.707107
],
"quad": [
0,1,2,3,
3,2,4,5,
1,6,7,2,
2,7,8,4,
0,3,9,10,
10,9,11,12,
3,5,13,9,
9,13,14,11,
0,10,15,16,
16,15,17,18,
10,12,19,15,
15,19,20,17,
0,16,21,1,
1,21,22,6,
16,18,23,21,
21,23,24,22,
25,26,27,28,
28,27,29,30,
26,31,32,27,
27,32,33,29,
34,35,36,37,
37,36,38,39,
28,30,40,41,
41,40,8,7,
25,42,43,44,
44,43,45,46,
42,6,22,43,
43,22,24,45,
25,44,47,26,
26,47,48,31,
44,46,49,47,
47,49,50,48,
51,52,53,54,
54,53,55,56,
52,57,58,53,
53,58,59,55,
51,54,60,61,
61,60,62,63,
54,56,64,60,
60,64,65,62,
51,61,66,67,
67,66,40,30,
61,63,68,66,
66,68,8,40,
51,67,69,52,
52,69,70,57,
67,30,29,69,
69,29,33,70,
71,72,73,74,
74,73,75,76,
72,63,62,73,
73,62,65,75,
71,74,77,78,
78,77,79,80,
74,76,81,77,
77,81,82,79,
71,78,83,84,
84,83,13,5,
78,80,85,83,
83,85,14,13,
71,84,86,72,
87,88,89,90,
84,5,4,86,
86,4,8,68
]}